{"count":1,"self":439.7912576,"total":1197.8969815,"children":{"InitializeActuators":{"count":2,"self":0.0025134999999999997,"total":0.0025134999999999997,"children":null},"InitializeSensors":{"count":2,"self":0.0020001,"total":0.0020001,"children":null},"AgentSendState":{"count":338696,"self":1.4485841,"total":4.2736016,"children":{"CollectObservations":{"count":135480,"self":0.71152529999999992,"total":0.71152529999999992,"children":null},"WriteActionMask":{"count":135480,"self":0.12112999999999999,"total":0.12112999999999999,"children":null},"RequestDecision":{"count":135480,"self":0.5226407,"total":1.9923621999999999,"children":{"AgentInfo.ToProto":{"count":135480,"self":0.50438739999999993,"total":1.4697215,"children":{"GenerateSensorData":{"count":135480,"self":0.9653341,"total":0.9653341,"children":null}}}}}}},"DecideAction":{"count":338696,"self":750.8763136,"total":750.8763012,"children":null},"AgentAct":{"count":338696,"self":2.9497321999999997,"total":2.9497321999999997,"children":null},"AgentInfo.ToProto":{"count":81,"self":0,"total":0.0005493,"children":{"GenerateSensorData":{"count":81,"self":0.0005493,"total":0.0005493,"children":null}}}},"gauges":{"soleilAI.CumulativeReward":{"count":81,"max":200,"min":-1175,"runningAverage":-718.518555,"value":-725,"weightedAverage":-480.718536}},"metadata":{"timer_format_version":"0.1.0","start_time_seconds":"1727666119","unity_version":"2022.3.2f1","command_line_arguments":"C:\\Program Files\\Unity\\Hub\\Editor\\2022.3.2f1\\Editor\\Unity.exe -projectpath C:\\Users\\Bieni\\brawler -useHub -hubIPC -cloudEnvironment production -licensingIpc LicenseClient-3EuWN1887M4xOWxmUFrSF -hubSessionId 6a8ca135-7716-40e7-87e7-3cb65d0d2125 -accessToken AGftbzvqt3RcCZXwu2fKEdoyALdV2CLZH-7KcBnbVzc002f","communication_protocol_version":"1.5.0","com.unity.ml-agents_version":"2.0.1","scene_name":"AIAgentTraining","end_time_seconds":"1727667317"}}